a-change-is-specified-before-it-is-built	reach:AGENTS.md,word:issue,word:pull-request
a-commit-outlives-its-review	changed
a-gate-owns-the-mechanical	changed
a-location-inherits-its-readers	reach:AGENTS.md,reach:docs/decisions/a-commit-outlives-its-review.md,reach:docs/decisions/a-gate-owns-the-mechanical.md,reach:docs/decisions/an-artifact-holds-the-minimum-that-conveys-its-point.md,reach:docs/decisions/an-artifact-is-rewritten-until-its-direction-is-agreed.md,reach:docs/decisions/a-record-is-rewritten-not-amended.md,reach:docs/decisions/a-register-belongs-to-one-location.md,reach:docs/decisions/a-term-belongs-to-the-glossary.md,reach:docs/decisions/purba-borrows-from-simplified-technical-english-rather-than-adopting-it.md,reach:docs/decisions/purba-meets-the-next-trait-solver-before-it-stabilizes.md,reach:docs/decisions/purba-parses-python-with-ruff.md,reach:docs/decisions/the-glossary-stays-open-and-a-gate-rewrites-each-word-it-avoids.md,reach:.readers,reach:scripts/check-records.sh,reach:scripts/test/check-records.bats,reach:_typos.toml
an-actor-is-what-it-does-not-what-it-is	reach:.readers
an-artifact-holds-the-minimum-that-conveys-its-point	changed
an-artifact-is-rewritten-until-its-direction-is-agreed	changed
a-new-question-gets-a-new-record	reach:AGENTS.md,reach:docs/decisions/a-commit-outlives-its-review.md,reach:docs/decisions/a-gate-owns-the-mechanical.md,reach:docs/decisions/an-artifact-holds-the-minimum-that-conveys-its-point.md,reach:docs/decisions/an-artifact-is-rewritten-until-its-direction-is-agreed.md,reach:docs/decisions/a-record-is-rewritten-not-amended.md,reach:docs/decisions/a-register-belongs-to-one-location.md,reach:docs/decisions/a-term-belongs-to-the-glossary.md,reach:docs/decisions/purba-borrows-from-simplified-technical-english-rather-than-adopting-it.md,reach:docs/decisions/purba-meets-the-next-trait-solver-before-it-stabilizes.md,reach:docs/decisions/purba-parses-python-with-ruff.md,reach:docs/decisions/the-glossary-stays-open-and-a-gate-rewrites-each-word-it-avoids.md
an-implementation-follows-test-driven-development	reach:AGENTS.md,reach:scripts/check-records.sh,reach:scripts/test/check-records.bats,word:pull-request
an-outside-contribution-is-applied-not-merged	word:commit-message
a-record-is-rewritten-not-amended	changed
a-register-belongs-to-one-location	changed
a-standard-a-gate-cannot-decide-does-not-become-a-gate	reach:scripts/check-records.sh
a-term-belongs-to-the-glossary	changed
liability-is-recorded-from-the-act-that-makes-it-true	word:commit-message
one-pull-request-answers-one-issue	word:pull-request
only-github-runs-what-lives-under-github	reach:scripts/check-records.sh,reach:scripts/test/check-records.bats
purba-borrows-from-simplified-technical-english-rather-than-adopting-it	changed
purba-meets-the-next-trait-solver-before-it-stabilizes	changed
purba-parses-python-with-ruff	changed
purba-writes-its-scripts-in-bash-until-purba-can-test-them	reach:scripts/check-records.sh,reach:scripts/test/check-records.bats
significance-is-declared-not-detected	reach:docs/decisions/a-commit-outlives-its-review.md,reach:docs/decisions/a-gate-owns-the-mechanical.md,reach:docs/decisions/an-artifact-holds-the-minimum-that-conveys-its-point.md,reach:docs/decisions/an-artifact-is-rewritten-until-its-direction-is-agreed.md,reach:docs/decisions/a-record-is-rewritten-not-amended.md,reach:docs/decisions/a-register-belongs-to-one-location.md,reach:docs/decisions/a-term-belongs-to-the-glossary.md,reach:docs/decisions/purba-borrows-from-simplified-technical-english-rather-than-adopting-it.md,reach:docs/decisions/purba-meets-the-next-trait-solver-before-it-stabilizes.md,reach:docs/decisions/purba-parses-python-with-ruff.md,reach:docs/decisions/the-glossary-stays-open-and-a-gate-rewrites-each-word-it-avoids.md
the-agent-that-marks-a-pull-request-ready-watches-it	reach:AGENTS.md,word:pull-request
the-glossary-stays-open-and-a-gate-rewrites-each-word-it-avoids	changed
the-person-owns-the-decision-outcome	reach:docs/decisions/a-commit-outlives-its-review.md,reach:docs/decisions/a-gate-owns-the-mechanical.md,reach:docs/decisions/an-artifact-holds-the-minimum-that-conveys-its-point.md,reach:docs/decisions/an-artifact-is-rewritten-until-its-direction-is-agreed.md,reach:docs/decisions/a-record-is-rewritten-not-amended.md,reach:docs/decisions/a-register-belongs-to-one-location.md,reach:docs/decisions/a-term-belongs-to-the-glossary.md,reach:docs/decisions/purba-borrows-from-simplified-technical-english-rather-than-adopting-it.md,reach:docs/decisions/purba-meets-the-next-trait-solver-before-it-stabilizes.md,reach:docs/decisions/purba-parses-python-with-ruff.md,reach:docs/decisions/the-glossary-stays-open-and-a-gate-rewrites-each-word-it-avoids.md
