a-change-is-specified-before-it-is-built.md	/AGENTS.md /CONTRIBUTING.md /tasks.toml	Issue, Design spec, Pull request, Implementation plan, Post pass, Debrief	Every change moves through spec, plan, draft pull request, kept history and debrief on the tracker, and the three files carry or name those steps.
a-commit-outlives-its-review.md	/prek.toml	Commit message	The commit message carries only what outlives review in a fixed subject form, and prek.toml holds the hooks for the decidable rows.
a-gate-owns-the-mechanical.md	/Cargo.toml /.editorconfig /.shellcheckrc /prek.toml /tasks.toml /.gitattributes /deny.toml /lychee.toml .github/workflows/*.yml rustfmt.toml .rustfmt.toml clippy.toml .clippy.toml typos.toml _typos.toml .typos.toml	Unpublished comment	Each tool runs at its strictest setting with exclusions named beside the code, configuration exists only where it deviates, and lint levels live only in Cargo.toml, so every tool configuration, every place a lint flag could be passed and every inline exclusion is bound.
a-location-inherits-its-readers.md	**	-	Every tracked file must reach an actor through .readers, so adding a file at any path can break it; ** is honest for additions although only .readers is bound for content.
an-actor-is-what-it-does-not-what-it-is.md	docs/decisions/an-actor-is-what-it-does-not-what-it-is.md /CONTEXT.md /.readers scripts/check-readers.sh	-	The flat actor roster lives in this record and the readers check takes each name from its CONTEXT.md anchor, so the roster, the anchors, the bindings and the check are bound.
an-artifact-holds-the-minimum-that-conveys-its-point.md	**	Commit message, Issue, Pull request	Every artifact holds only what conveys its point and provenance crosses every location, so the sufficiency rule binds everything written; the decidable rules are a subset over records.
an-artifact-is-rewritten-until-its-direction-is-agreed.md	/AGENTS.md .github/workflows/sign.yml	Issue, Design spec, Pull request, Debrief	Issue bodies, titles and specs are rewritten until the type is set, pull request bodies until merge, supersession follows a fixed procedure, and AGENTS.md and the sign.yml thread carry the agreement.
a-new-question-gets-a-new-record.md	docs/decisions/*.md /AGENTS.md	-	A question no title answers gets a new record and every title states each decision its record holds; binds the records, the template and AGENTS.md, which carries the rule.
an-implementation-follows-test-driven-development.md	scripts/** .github/scripts/** *.rs /AGENTS.md	Implementation plan, Pull request	Shell and Rust changes are built test-first, with the test list in the plan and a failing test-only push on the pull request; prose and configuration owe no test.
a-normalisers-style-is-chosen-for-the-human-who-reads-the-code.md	/.editorconfig	-	Two-space indentation is stated once for every language that admits it, in the one style location .editorconfig.
an-outside-contribution-is-applied-not-merged.md	scripts/apply-fork-contribution.sh .github/workflows/sign.yml	Outside contribution, Commit message, NOT-IN-GLOSSARY:ruleset	A fork pull request never merges and a maintainer applies it with the script to accepted/pr-<n>, keeping author and trailers; sign.yml and the ruleset hold the refusal.
an-unpublished-comment-carries-what-no-other-location-carries.md	/lychee.toml scripts/check-links.sh /.gitattributes	Unpublished comment	A code comment is written only when no other location holds the information and cites a source rather than an issue; the comment is pathless and the link gate's files hold the decidable part.
a-record-is-rewritten-not-amended.md	docs/decisions/*.md scripts/check-records.sh	-	Records are proposition-titled files with four ordered sections, no issue numbers and proposition citations, replaced rather than amended; binds the records and the command that checks them.
a-register-belongs-to-one-location.md	docs/decisions/.template.md scripts/check-records.sh .github/PULL_REQUEST_TEMPLATE.md .github/ISSUE_TEMPLATE/** /AGENTS.md /CHANGELOG.md /cliff.toml	Published comment, NOT-IN-GLOSSARY:wiki, NOT-IN-GLOSSARY:discussions, NOT-IN-GLOSSARY:public docs site	Each register is written where its location's author reads it and defines no word, and no location opens without a reader and a register; binds the register files, which artifact earns a published comment, and the closed locations.
a-standard-a-gate-cannot-decide-does-not-become-a-gate.md	.github/workflows/*.yml .github/scripts/** scripts/*.sh /tasks.toml	NOT-IN-GLOSSARY:ruleset	No gate may stand over a judgement, so every place a refusal can be wired is bound: workflows, gate scripts, tasks and the ruleset.
a-term-belongs-to-the-glossary.md	/CONTEXT.md docs/decisions/*.md	-	A term is defined once in CONTEXT.md as a heading with one or two sentences and no outbound link, and a record names it without holding it.
a-workflow-is-granted-an-identity-not-a-power.md	.github/workflows/*.yml .github/scripts/report-bump-failure.sh	NOT-IN-GLOSSARY:repository setting, NOT-IN-GLOSSARY:GitHub App	An act GITHUB_TOKEN cannot perform gets a scoped App identity and Actions' token is never widened; binds the workflows, the failure reporter's token, the setting and the App's permissions.
liability-is-recorded-from-the-act-that-makes-it-true.md	.github/workflows/sign.yml .github/scripts/require-green.sh .github/scripts/carry-verdicts.sh .github/scripts/write-acceptance-trailer.sh scripts/check-origin.sh scripts/check-replayable.sh /CODEOWNERS	Commit message, NOT-IN-GLOSSARY:ruleset, NOT-IN-GLOSSARY:repository setting	Origin, authorship and acceptance are trailers written from the act of the party that makes each true, and stewardship lives in CODEOWNERS; binds the commit message, the sign job and its scripts, and the settings it reads.
mise-names-every-tool-version.md	/mise.toml /mise.lock /.gitattributes /README.md .github/workflows/*.yml devenv.*	-	mise.toml and its committed lock name every tool, lockfiles are marked generated, README states the host C toolchain and each workflow names mise; a second manager's file would break it.
one-manifest-declares-each-package.md	/Cargo.toml /pyproject.toml /mise.toml scripts/check-manifests.sh	-	Each package is declared in exactly one of three manifests by a stated rule, and lint:manifests compares them.
one-pull-request-answers-one-issue.md	-	Pull request	Each pull request answers one issue and says so when a second rides along; no file is bound.
only-github-runs-what-lives-under-github.md	.github/workflows/** .github/scripts/** scripts/** /tasks.toml /prek.toml /CODEOWNERS	-	A script lives in the half of the tree its callers live in and CODEOWNERS covers both halves; binds both script directories and every file the record names as a caller.
purba-borrows-from-simplified-technical-english-rather-than-adopting-it.md	docs/decisions/*.md scripts/check-records.sh	-	Record prose obeys the borrowed sentence, paragraph, -ing and tense rules that check-records.sh refuses or reports.
purba-carries-no-tool-manager-beside-mise-and-no-compiler-of-its-own.md	/mise.toml /mise.lock /.gitattributes /README.md .github/workflows/build.yml devenv.*	-	mise is the only tool manager, its manifest and lock are committed with lockfiles marked generated, README states the host C toolchain, and build.yml proves the extension loads.
purba-meets-the-next-trait-solver-before-it-stabilizes.md	src/** /Cargo.toml /mise.toml	Issue	purba stays on nightly for the new solver, the product crate takes no nightly-only feature without a stable fallback, and a use outside it names its fallback on its issue.
purba-parses-python-with-ruff.md	/Cargo.toml src/**	-	Four ruff crates are pinned exactly, named at the first call site, behind one parsing module.
purba-records-delegation-and-does-not-prevent-it.md	scripts/sign-branch.sh	-	Mostly a ruling that nothing claims to separate a person from their agent; the sign-off helper, which must claim no more than it checks, is the one file it binds.
purba-supports-a-python-with-two-years-left.md	/pyproject.toml /Cargo.toml /mise.toml /mise.lock .github/workflows/build.yml	-	The Python floor is computed by the two-year rule and carried in the five locations the record names.
purba-writes-its-scripts-in-bash-until-purba-can-test-them.md	scripts/** .github/scripts/** .github/workflows/*.yml /mise.toml /tasks.toml /prek.toml	-	Scripts are bash with bats tests ending in .bats, workflow shell stays shell except the Python in build.yml, and the bats roster entry, task and globs carry it.
significance-is-declared-not-detected.md	/CODEOWNERS docs/decisions/*.md	NOT-IN-GLOSSARY:ruleset	A change is significant if and only if it adds or changes a record, and CODEOWNERS with the ruleset routes it to the code owner.
the-agent-that-marks-a-pull-request-ready-watches-it.md	/AGENTS.md	Pull request	The agent that marks a pull request ready acts on each review before anyone asks, and AGENTS.md carries the rule.
the-crate-carries-an-rlib.md	/Cargo.toml /tasks.toml .github/workflows/quality.yml *.rs	-	Cargo.toml declares cdylib and rlib, extension-module as a named feature and the rustdoc lint, and doc tests over Rust fences run through tasks.toml and quality.yml.
the-nightly-is-named-by-a-date.md	/mise.toml /mise.lock rust-toolchain.toml .github/workflows/bump.yml .github/workflows/build.yml	-	The nightly is a date named once in mise.toml and recorded in mise.lock, no rust-toolchain.toml exists, and bump.yml proposes the next date.
the-person-owns-the-decision-outcome.md	/CODEOWNERS docs/decisions/*.md	NOT-IN-GLOSSARY:ruleset	The person owns each record's Decision Outcome, routed by CODEOWNERS and the required code-owner review.
