a-change-is-specified-before-it-is-built	changed
a-commit-outlives-its-review	link:docs/decisions/a-change-is-specified-before-it-is-built.md,link:docs/decisions/a-register-belongs-to-one-location.md
a-location-inherits-its-readers	link:docs/decisions/a-change-is-specified-before-it-is-built.md,link:docs/decisions/a-register-belongs-to-one-location.md
an-actor-is-what-it-does-not-what-it-is	link:docs/decisions/a-register-belongs-to-one-location.md
an-artifact-is-rewritten-until-its-direction-is-agreed	changed,link:docs/decisions/a-change-is-specified-before-it-is-built.md
an-unpublished-comment-carries-what-no-other-location-carries	link:docs/decisions/a-register-belongs-to-one-location.md
a-record-is-rewritten-not-amended	link:docs/decisions/an-artifact-is-rewritten-until-its-direction-is-agreed.md,link:docs/decisions/a-register-belongs-to-one-location.md
a-register-belongs-to-one-location	changed,link:docs/decisions/a-change-is-specified-before-it-is-built.md,link:docs/decisions/an-artifact-is-rewritten-until-its-direction-is-agreed.md
a-term-belongs-to-the-glossary	link:docs/decisions/a-register-belongs-to-one-location.md
liability-is-recorded-from-the-act-that-makes-it-true	link:docs/decisions/a-change-is-specified-before-it-is-built.md
significance-is-declared-not-detected	link:docs/decisions/an-artifact-is-rewritten-until-its-direction-is-agreed.md
