a-commit-outlives-its-review	word:commit-message
a-gate-owns-the-mechanical	reach:.editorconfig,reach:.github/workflows/scripts.yml,reach:.github/workflows/sign.yml,reach:tasks.toml
a-location-inherits-its-readers	reach:CONTRIBUTING.md,reach:docs/decisions/an-artifact-holds-the-minimum-that-conveys-its-point.md,reach:docs/decisions/mise-names-every-tool-version.md,reach:docs/decisions/only-github-runs-what-lives-under-github.md,reach:docs/decisions/purba-writes-its-scripts-in-bash-until-purba-can-test-them.md,reach:.editorconfig,reach:.github/scripts/bump-nightly.sh,reach:.github/scripts/carry-verdicts.sh,reach:.github/scripts/changed-scripts.sh,reach:.github/scripts/check-run.sh,reach:.github/scripts/require-green.sh,reach:.github/scripts/write-acceptance-trailer.sh,reach:.github/workflows/scripts.yml,reach:.github/workflows/sign.yml,reach:mise.lock,reach:mise.toml,reach:README.md,reach:scripts/check-records.sh,reach:scripts/check-replayable.sh,reach:scripts/test/bump-nightly.bats,reach:scripts/test/carry-verdicts.bats,reach:scripts/test/changed-scripts.bats,reach:scripts/test/check-origin.bats,reach:scripts/test/check-placement.bats,reach:scripts/test/check-records.bats,reach:scripts/test/check-replayable.bats,reach:scripts/test/fixture.bats,reach:scripts/test/fixture.sh,reach:scripts/test/require-green.bats,reach:tasks.toml
an-artifact-holds-the-minimum-that-conveys-its-point	changed
an-artifact-is-rewritten-until-its-direction-is-agreed	reach:.github/workflows/sign.yml,word:issue,word:pull-request
an-outside-contribution-is-applied-not-merged	reach:.github/workflows/sign.yml,word:commit-message
a-record-is-rewritten-not-amended	reach:docs/decisions/an-artifact-holds-the-minimum-that-conveys-its-point.md,reach:docs/decisions/mise-names-every-tool-version.md,reach:docs/decisions/only-github-runs-what-lives-under-github.md,reach:docs/decisions/purba-writes-its-scripts-in-bash-until-purba-can-test-them.md,reach:scripts/check-records.sh
a-register-belongs-to-one-location	reach:scripts/check-records.sh
a-term-belongs-to-the-glossary	reach:docs/decisions/an-artifact-holds-the-minimum-that-conveys-its-point.md,reach:docs/decisions/mise-names-every-tool-version.md,reach:docs/decisions/only-github-runs-what-lives-under-github.md,reach:docs/decisions/purba-writes-its-scripts-in-bash-until-purba-can-test-them.md
a-workflow-is-granted-an-identity-not-a-power	reach:.github/workflows/scripts.yml,reach:.github/workflows/sign.yml
liability-is-recorded-from-the-act-that-makes-it-true	reach:.github/scripts/carry-verdicts.sh,reach:.github/scripts/require-green.sh,reach:.github/scripts/write-acceptance-trailer.sh,reach:.github/workflows/sign.yml,reach:scripts/check-replayable.sh,word:commit-message
mise-names-every-tool-version	changed
only-github-runs-what-lives-under-github	changed
purba-borrows-from-simplified-technical-english-rather-than-adopting-it	reach:docs/decisions/an-artifact-holds-the-minimum-that-conveys-its-point.md,reach:docs/decisions/mise-names-every-tool-version.md,reach:docs/decisions/only-github-runs-what-lives-under-github.md,reach:docs/decisions/purba-writes-its-scripts-in-bash-until-purba-can-test-them.md,reach:scripts/check-records.sh
purba-meets-the-next-trait-solver-before-it-stabilizes	reach:mise.toml,word:issue
purba-supports-a-python-with-two-years-left	reach:mise.lock,reach:mise.toml
purba-writes-its-scripts-in-bash-until-purba-can-test-them	changed
significance-is-declared-not-detected	reach:docs/decisions/an-artifact-holds-the-minimum-that-conveys-its-point.md,reach:docs/decisions/mise-names-every-tool-version.md,reach:docs/decisions/only-github-runs-what-lives-under-github.md,reach:docs/decisions/purba-writes-its-scripts-in-bash-until-purba-can-test-them.md
the-crate-carries-an-rlib	reach:tasks.toml
