run	rule	known	true	repeat	doubtful	false
sweep-083508a-1	R1	1	2	1	0	4
sweep-083508a-1	R2	0	0	0	1	0
sweep-083508a-1	R3	0	0	0	0	5
sweep-083508a-1	C1	2	7	0	1	0
sweep-083508a-2	R1	1	3	1	0	0
sweep-083508a-2	R2	0	0	0	1	0
sweep-083508a-2	R3	0	0	0	0	5
sweep-083508a-2	C1	2	6	0	1	0
sweep-083508a-3	R1	1	3	1	0	0
sweep-083508a-3	R2	0	0	0	1	0
sweep-083508a-3	R3	0	0	0	0	5
sweep-083508a-3	C1	2	7	0	1	0
sweep-85dfe79-1	R1	1	1	1	0	0
sweep-85dfe79-1	R2	0	0	0	1	0
sweep-85dfe79-1	R3	0	0	0	0	5
sweep-85dfe79-1	C1	2	4	0	1	0
allrules-083508a-1	R1	1	3	1	0	4
allrules-083508a-1	R2	0	0	0	1	0
allrules-083508a-1	R3	0	0	0	0	5
allrules-083508a-1	C1	2	7	0	2	0
allrules-083508a-2	R1	1	3	1	0	4
allrules-083508a-2	R2	0	0	0	0	0
allrules-083508a-2	R3	0	0	0	0	5
allrules-083508a-2	C1	2	7	0	0	0

known breaches missed
judge-083508a-1	R1	one-manifest-declares-each-package.md:80
judge-083508a-1	C1	one-manifest-declares-each-package.md:45
judge-083508a-1	C1	one-manifest-declares-each-package.md:74
judge-85dfe79-1	R1	one-manifest-declares-each-package.md:70
judge-85dfe79-1	C1	one-manifest-declares-each-package.md:35
judge-85dfe79-1	C1	one-manifest-declares-each-package.md:64
