a-change-is-specified-before-it-is-built	link:AGENTS.md
a-commit-outlives-its-review	changed,link:AGENTS.md
a-gate-owns-the-mechanical	changed
a-location-inherits-its-readers	link:.readers
an-actor-is-what-it-does-not-what-it-is	link:.readers
an-artifact-holds-the-minimum-that-conveys-its-point	changed,link:AGENTS.md,link:scripts/check-records.sh
an-artifact-is-rewritten-until-its-direction-is-agreed	changed,link:AGENTS.md
a-new-question-gets-a-new-record	link:AGENTS.md
an-implementation-follows-test-driven-development	link:AGENTS.md
an-unpublished-comment-carries-what-no-other-location-carries	link:AGENTS.md
a-record-is-rewritten-not-amended	changed,link:AGENTS.md,link:scripts/check-records.sh
a-register-belongs-to-one-location	changed,link:AGENTS.md
a-term-belongs-to-the-glossary	changed,link:AGENTS.md
liability-is-recorded-from-the-act-that-makes-it-true	link:AGENTS.md
one-pull-request-answers-one-issue	link:AGENTS.md
purba-borrows-from-simplified-technical-english-rather-than-adopting-it	changed
purba-meets-the-next-trait-solver-before-it-stabilizes	changed
purba-parses-python-with-ruff	changed
the-agent-that-marks-a-pull-request-ready-watches-it	link:AGENTS.md
the-glossary-stays-open-and-a-gate-rewrites-each-word-it-avoids	changed
the-person-owns-the-decision-outcome	link:AGENTS.md
