a-location-inherits-its-readers.md:53	being
an-artifact-holds-the-minimum-that-conveys-its-point.md:15	false
an-outside-contribution-is-applied-not-merged.md:61	true
a-record-is-rewritten-not-amended.md:94	true
dependabot-proposes-each-newer-action.md:12	quote
issue-103.md:20	true
issue-129.md:64	true
issue-143.md:30	being
issue-154.md:14	true
issue-181.md:5	true
issue-187.md:18	false
issue-187.md:29	true
issue-204.md:45	true
issue-226.md:36	true
issue-228.md:81	being
issue-231.md:86	true
issue-279.md:5	quote
issue-282.md:9	quote
issue-42.md:40	true
issue-45.md:44	true
issue-51.md:5	true
issue-52.md:53	quote
issue-53.md:66	true
issue-53.md:70	true
issue-58.md:54	true
issue-63.md:22	true
issue-66.md:7	false
issue-67.md:53	being
issue-79.md:21	quote
issue-80.md:57	true
issue-85.md:66	true
issue-86.md:1	true
liability-is-recorded-from-the-act-that-makes-it-true.md:75	true
purba-carries-no-tool-manager-beside-mise-and-no-compiler-of-its-own.md:48	being
purba-carries-no-tool-manager-beside-mise-and-no-compiler-of-its-own.md:62	being
purba-meets-the-next-trait-solver-before-it-stabilizes.md:67	being
repo-___github_ISSUE_TEMPLATE_defect_md.md:21	true
repo-___github_ISSUE_TEMPLATE_defect_md.md:64	true
repo-___github_ISSUE_TEMPLATE_research_md.md:49	true
