a-change-is-specified-before-it-is-built	word:debrief,word:design-spec,word:implementation-plan,word:issue,word:post-pass,word:pull-request
a-commit-outlives-its-review	link:.github/scripts/bump-nightly.sh,word:commit-message
a-gate-owns-the-mechanical	changed,link:mise.toml
a-location-inherits-its-readers	reach:docs/decisions/a-gate-owns-the-mechanical.md,reach:docs/decisions/mise-names-every-tool-version.md,reach:docs/decisions/one-manifest-declares-each-package.md,reach:docs/decisions/purba-meets-the-next-trait-solver-before-it-stabilizes.md,reach:docs/decisions/purba-parses-python-with-ruff.md,reach:.github/scripts/bump-nightly.sh,reach:.github/workflows/bump.yml,reach:mise.toml,reach:pyproject.toml
an-artifact-holds-the-minimum-that-conveys-its-point	reach:docs/decisions/a-gate-owns-the-mechanical.md,reach:docs/decisions/mise-names-every-tool-version.md,reach:docs/decisions/one-manifest-declares-each-package.md,reach:docs/decisions/purba-meets-the-next-trait-solver-before-it-stabilizes.md,reach:docs/decisions/purba-parses-python-with-ruff.md,reach:.github/scripts/bump-nightly.sh,reach:.github/workflows/bump.yml,reach:mise.toml,reach:pyproject.toml,word:commit-message,word:issue,word:pull-request
an-artifact-is-rewritten-until-its-direction-is-agreed	word:debrief,word:design-spec,word:issue,word:pull-request
an-outside-contribution-is-applied-not-merged	word:commit-message
an-unpublished-comment-carries-what-no-other-location-carries	word:unpublished-comment
a-record-is-rewritten-not-amended	reach:docs/decisions/a-gate-owns-the-mechanical.md,reach:docs/decisions/mise-names-every-tool-version.md,reach:docs/decisions/one-manifest-declares-each-package.md,reach:docs/decisions/purba-meets-the-next-trait-solver-before-it-stabilizes.md,reach:docs/decisions/purba-parses-python-with-ruff.md
a-register-belongs-to-one-location	word:published-comment
a-term-belongs-to-the-glossary	reach:docs/decisions/a-gate-owns-the-mechanical.md,reach:docs/decisions/mise-names-every-tool-version.md,reach:docs/decisions/one-manifest-declares-each-package.md,reach:docs/decisions/purba-meets-the-next-trait-solver-before-it-stabilizes.md,reach:docs/decisions/purba-parses-python-with-ruff.md
a-workflow-is-granted-an-identity-not-a-power	link:.github/workflows/bump.yml,reach:.github/workflows/bump.yml
liability-is-recorded-from-the-act-that-makes-it-true	word:commit-message
mise-names-every-tool-version	changed,link:.github/scripts/bump-nightly.sh,link:.github/workflows/bump.yml
one-manifest-declares-each-package	changed
only-github-runs-what-lives-under-github	reach:.github/scripts/bump-nightly.sh,reach:.github/workflows/bump.yml
purba-borrows-from-simplified-technical-english-rather-than-adopting-it	reach:docs/decisions/a-gate-owns-the-mechanical.md,reach:docs/decisions/mise-names-every-tool-version.md,reach:docs/decisions/one-manifest-declares-each-package.md,reach:docs/decisions/purba-meets-the-next-trait-solver-before-it-stabilizes.md,reach:docs/decisions/purba-parses-python-with-ruff.md
purba-meets-the-next-trait-solver-before-it-stabilizes	changed,link:mise.toml
purba-parses-python-with-ruff	changed
purba-supports-a-python-with-two-years-left	reach:mise.toml,reach:pyproject.toml
purba-writes-its-scripts-in-bash-until-purba-can-test-them	link:mise.toml,reach:.github/scripts/bump-nightly.sh,reach:.github/workflows/bump.yml,reach:mise.toml
significance-is-declared-not-detected	reach:docs/decisions/a-gate-owns-the-mechanical.md,reach:docs/decisions/mise-names-every-tool-version.md,reach:docs/decisions/one-manifest-declares-each-package.md,reach:docs/decisions/purba-meets-the-next-trait-solver-before-it-stabilizes.md,reach:docs/decisions/purba-parses-python-with-ruff.md
