a-change-is-specified-before-it-is-built.md	/AGENTS.md /CONTRIBUTING.md /tasks.toml	Issue, Design spec, Pull request, Implementation plan, Post pass, Debrief	Unchanged: each phase leaves its artifact on the tracker, and AGENTS.md, CONTRIBUTING.md and tasks.toml each carry or name a step, so an edit to any of them can drop or contradict that step.
a-commit-outlives-its-review.md	/prek.toml	Commit message	Unchanged: the subject form and body rules break in the commit message, and prek.toml holds the hooks for five Confirmation rows, so removing a hook there falsifies the record.
a-gate-owns-the-mechanical.md	/Cargo.toml /.editorconfig /.shellcheckrc /prek.toml /tasks.toml /.gitattributes /deny.toml /lychee.toml .github/workflows/*.yml rustfmt.toml .rustfmt.toml clippy.toml .clippy.toml typos.toml _typos.toml .typos.toml	Unpublished comment	Unchanged: every entry is a tool configuration, a place a lint flag can be passed, a configuration file that must not exist, or an inline exclusion, and each one's content can break the strictest-setting or one-location rule.
a-location-inherits-its-readers.md	**	-	Unchanged: adding a file at any path that reaches no actor breaks the record, so ** stays honest for additions even though only .readers is bound for content.
an-actor-is-what-it-does-not-what-it-is.md	docs/decisions/an-actor-is-what-it-does-not-what-it-is.md /CONTEXT.md /.readers scripts/check-readers.sh	-	Unchanged: the roster rows in this record, the CONTEXT.md anchors, the names in .readers and the check that compares them are all content that can break the roster.
an-artifact-holds-the-minimum-that-conveys-its-point.md	**	Commit message, Issue, Pull request	Unchanged: the sufficiency and provenance rules bind every artifact purba writes, so every path and every written location stays in.
an-artifact-is-rewritten-until-its-direction-is-agreed.md	/AGENTS.md .github/workflows/sign.yml	Issue, Design spec, Pull request, Debrief	Unchanged: issue bodies, specs and pull request bodies break the freeze in their own content, and AGENTS.md and the sign.yml thread are the carriers the Confirmation names as live.
a-new-question-gets-a-new-record.md	docs/decisions/*.md /AGENTS.md	-	Unchanged: a record that absorbs a second decision, or a title that stops stating one, breaks the rule in docs/decisions/, and AGENTS.md carries the rule.
an-implementation-follows-test-driven-development.md	/AGENTS.md	Implementation plan, Pull request	Narrowed: the shell and Rust paths only say when test-first is owed, and the breach shows only in the implementation plan and the pull request's pushed heads, plus AGENTS.md which carries the rule.
a-normalisers-style-is-chosen-for-the-human-who-reads-the-code.md	/.editorconfig	-	Unchanged: the two-space style is stated once in .editorconfig, so only that file's content can break it.
an-outside-contribution-is-applied-not-merged.md	scripts/apply-fork-contribution.sh .github/workflows/sign.yml	Outside contribution, Commit message, NOT-IN-GLOSSARY:ruleset	Unchanged: the script's refusals, the sign.yml refusal, the ruleset's empty bypass list, the commit trailers and the fork pull request itself each hold part of the rule in their content.
an-unpublished-comment-carries-what-no-other-location-carries.md	/lychee.toml scripts/check-links.sh /.gitattributes	Unpublished comment	Unchanged: a comment breaks the admission rule in its own text, and lychee.toml, check-links.sh and the generated marks in .gitattributes decide what the gated half reads.
a-record-is-rewritten-not-amended.md	docs/decisions/*.md scripts/check-records.sh	-	Unchanged: record text breaks the section, numbering and citation rules, and check-records.sh is the command whose content decides them.
a-register-belongs-to-one-location.md	docs/decisions/.template.md scripts/check-records.sh .github/PULL_REQUEST_TEMPLATE.md .github/ISSUE_TEMPLATE/** /AGENTS.md /CHANGELOG.md /cliff.toml	Published comment, NOT-IN-GLOSSARY:wiki, NOT-IN-GLOSSARY:discussions, NOT-IN-GLOSSARY:public docs site	Unchanged: each register file, the AGENTS.md closing section, the published-comment rule and the closed locations (opened by adding CHANGELOG.md, cliff.toml, a wiki, discussions or a docs site) can each break the record in their own content.
a-standard-a-gate-cannot-decide-does-not-become-a-gate.md	.github/workflows/*.yml .github/scripts/** scripts/*.sh /tasks.toml	NOT-IN-GLOSSARY:ruleset	Unchanged: a gate over a judgement is wired in a workflow, a gate script, a task or the ruleset, so each one's content can break the rule.
a-term-belongs-to-the-glossary.md	/CONTEXT.md docs/decisions/*.md	-	Unchanged: a definition written into a record, or a glossary entry with an outbound link, breaks the rule in that file's content.
a-workflow-is-granted-an-identity-not-a-power.md	.github/workflows/*.yml .github/scripts/report-bump-failure.sh	NOT-IN-GLOSSARY:repository setting, NOT-IN-GLOSSARY:GitHub App	Unchanged: a widened GITHUB_TOKEN in a workflow, the failure reporter's token, the repository setting and the App's permissions each break the rule in their own content.
liability-is-recorded-from-the-act-that-makes-it-true.md	.github/workflows/sign.yml .github/scripts/require-green.sh .github/scripts/carry-verdicts.sh .github/scripts/write-acceptance-trailer.sh scripts/check-origin.sh scripts/check-replayable.sh /CODEOWNERS	Commit message, NOT-IN-GLOSSARY:ruleset, NOT-IN-GLOSSARY:repository setting	Unchanged: the trailers, the sign job and its scripts, the stewardship lines in CODEOWNERS, the ruleset and the sign-off setting each hold a liability statement that their content can break.
mise-names-every-tool-version.md	/mise.toml /mise.lock /.gitattributes /README.md .github/workflows/*.yml devenv.*	-	Unchanged: mise.toml, mise.lock, the linguist-generated marks, README's C toolchain line, each workflow's mise version and any devenv file can each break the single-manager rule in their content.
one-manifest-declares-each-package.md	/Cargo.toml /pyproject.toml /mise.toml scripts/check-manifests.sh	-	Unchanged: a package name in two of the three manifests breaks the rule, and check-manifests.sh is the comparison whose content decides it.
one-pull-request-answers-one-issue.md	-	Pull request	Unchanged: the pull request is where it answers one issue and says so when a second rides along, and no file is bound.
only-github-runs-what-lives-under-github.md	.github/workflows/** .github/scripts/** scripts/** /tasks.toml /prek.toml /CODEOWNERS	-	Unchanged: a script's placement and its callers' content in both halves break the rule, and CODEOWNERS must cover both directories by the record's own sentence.
purba-borrows-from-simplified-technical-english-rather-than-adopting-it.md	docs/decisions/*.md scripts/check-records.sh	-	Unchanged: record prose breaks the borrowed sentence rules, and check-records.sh is the command whose content refuses or reports them.
purba-carries-no-tool-manager-beside-mise-and-no-compiler-of-its-own.md	/mise.toml /mise.lock /.gitattributes /README.md .github/workflows/build.yml devenv.*	-	Unchanged: mise.toml, mise.lock, the generated marks, README's C toolchain line, build.yml's load check and any devenv file each break the rule in their content.
purba-meets-the-next-trait-solver-before-it-stabilizes.md	src/** /Cargo.toml /mise.toml	Issue	Unchanged: a nightly-only feature in src/ or Cargo.toml, the channel in mise.toml, and a fallback missing from the issue each break the rule in content.
purba-parses-python-with-ruff.md	/Cargo.toml src/**	-	Unchanged: the exact pins live in Cargo.toml and the one parsing module lives in src/, so both are bound by their content.
purba-records-delegation-and-does-not-prevent-it.md	scripts/sign-branch.sh	-	Unchanged: sign-branch.sh must claim no more than it checks, so its content is the one location that can break the record.
purba-supports-a-python-with-two-years-left.md	/pyproject.toml /Cargo.toml /mise.toml /mise.lock .github/workflows/build.yml	-	Unchanged: the five locations the record names each carry the floor, so a change to any one of them can break it.
purba-writes-its-scripts-in-bash-until-purba-can-test-them.md	scripts/** .github/scripts/** .github/workflows/*.yml /mise.toml /tasks.toml /prek.toml	-	Unchanged: script language, the .bats suffix, the build.yml Python exception, the bats roster entry, the test task and the hook globs are all content in these locations.
significance-is-declared-not-detected.md	/CODEOWNERS	NOT-IN-GLOSSARY:ruleset	Narrowed: no record text can break the iff definition, which breaks only where CODEOWNERS and the ruleset route a record change to the code owner.
the-agent-that-marks-a-pull-request-ready-watches-it.md	/AGENTS.md	Pull request	Unchanged: AGENTS.md carries the rule, and the pull request's own review history shows whether the agent answered first.
the-crate-carries-an-rlib.md	/Cargo.toml /tasks.toml .github/workflows/quality.yml *.rs	-	Unchanged: the crate-type and lint lines in Cargo.toml, the doc-test wiring in tasks.toml and quality.yml, and the Rust fences in *.rs are each content that can break the record.
the-nightly-is-named-by-a-date.md	/mise.toml /mise.lock rust-toolchain.toml .github/workflows/bump.yml .github/workflows/build.yml	-	Unchanged: the date in mise.toml and mise.lock, the absence of rust-toolchain.toml, bump.yml's proposal for a person, and build.yml's compiler line are each content that can break it.
the-person-owns-the-decision-outcome.md	/CODEOWNERS	NOT-IN-GLOSSARY:ruleset	Narrowed: no record text decides who owns a Decision Outcome, which the record makes true only through CODEOWNERS and the required code-owner review in the ruleset.
